"Timestamp","Naam","Eerste indruk van de website zo ver?","Hoe komt de website over?","Komt de start-pagina profesioneel over?","Hoe vind je de kleuren zo ver?","Wat vind je van de slideshow zo ver?","Welke paginas hebben aanpassingen nodig?","Van 1 tot 10, hoe vind je de website?","Verdere opmerkingen?"
"2018/09/27 10:47:07 AM GMT","Niels","Hij ziet er erg goed en fancy uit","Rustgevend","ja","precies goed!","best goed!","Contact pagina","8","De website is vrij fancy naar mijn mening. Alles ziet er mooi, simpel en duidelijk er uit. Ik heb de contact pagina aangegeven omdat ik niet persé aan kon geven dat alles goed was maar als je er iets aan moest aanpassen dan zou ik wellicht iets aan het uiterlijk van 't formulier aanpassen."
"2018/09/30 9:37:06 PM GMT","Twan","Professioneel vormgegeven","Rustgevend","ja","precies goed!","best goed!","","9",""
"2018/10/02 8:38:29 PM GMT","Luuk","Leuke pic!","Leeg","ja","precies goed!","goed, maar heeft aanpassingen nodig","Projecten pagina;Project info pagina","7","Misschien iets doen aan die Hku pagina want ik snap em nie echt"
"2018/10/03 8:23:58 PM GMT","Pim","Anders dan de meeste portfolio sites","Leeg","Nee","precies goed!","best goed!","Startpagina;Project info pagina","8","Het voelt leeg aan omdat het menu onderaan staat"
"2018/10/04 10:50:58 AM GMT","Leon","Best wel chill, ziet er mooi uit, best wel simpel ook wel, dus overzichtelijk. Leuke animaties, alleen die foto op de homepage is suuuuuper heavy voor mn laptop","Rustgevend","Nee","precies goed!","best goed!","Startpagina","7","Ja die foto aan het begin is wel grappig, maar echt super heavy en mn browser liep vast. Maar verder vind ik de pagina over jezelf echt super vet, qua design. Ik vraag me alleen wel af waar je je huiswerk inlevert, maar ja"